7.92467043779565,0.020259980435179428
7.733230762955211,0.38584697401671325
8.16508189298114,0.26401903907717417
8.128681794982072,-0.2905886732409288
7.6305740193391305,0.18867731882216263
7.717968233359713,-0.27269642532717153
8.208184175782291,-0.21636225360497938
7.8808339464396555,0.15107879108149133
7.781895991902774,0.35196309955217076
6.063938976821567,-3.2171202063026545
6.07028314478261,-3.2276072018094903
7.052596749254379,-3.6805322000432996
7.070849400134017,-3.6542640878018675
-34.171998905244415,48.8651338446365
-34.183480448771355,48.842345316453674
6.06997457735012,-7.82617396915808
6.12794000472352,-7.831317696406925
6.213523505505563,-6.4180301685569905
6.205720598186535,-6.3817999254900215
5.7723188102359115,-8.054800405669864
5.7961647752802445,-8.059218984594375
6.231797496266324,-6.4319822729441825
3.8135808028747533,-0.1803748419126663
3.835678618142051,-0.18395197252084786
-3.1773590888597556,-6.2716437222018255
-3.1455129743908454,-6.281878725391507
4.781670066731473,2.5763721963924073
4.810084685917627,2.575411608193496
6.014942459669671,-7.245122893736347
6.1009720723825485,-7.209080489906239
3.7564653649860698,-7.12174983711955
3.7825361175146086,-7.118750566170226
-24.043618843338567,-6.346667631722169
-24.016788667186688,-6.357025279380782
-13.518543066681731,19.444734284656914
-13.523206558449875,19.468822065952807
4.543350166000281,0.10898757497883621
4.5641731760808115,0.12017766316443523
7.814181729708891,0.180861436777505
4.709776825224919,-11.092416614246481
4.705987551685262,-11.09180209195137
8.321420373777672,0.01996040088894881
8.447336767704574,-0.14632574283594574
7.526393615628647,-0.15015091867088706
2.861189469733646,-4.626053710743809
2.8537542271794263,-4.659297935304353
8.013781067778234,0.2441395335939039
7.661302425140627,0.39190213336564245
8.24145477062233,-0.1773306218849941
2.2070162549475607,2.43361752569599
2.1982747610309943,2.4144037327054573
7.643101449151761,-0.11255567249187783
7.676741719480242,0.2331521861969145
-13.218602477903612,-8.516495680624907
-13.242417574946678,-8.505970226921983
8.497157367511571,-8.691465960943274
8.49710821922556,-8.714591327166948
5.297426449936361,-6.145831522126939
5.317917537320232,-6.152008561092583
7.671648796435438,-0.07468980282497921
8.00731695602683,0.38052324904632984
8.250500787150115,-0.39618724056139315
7.353413735150709,0.0766038723040863
-0.8527604077114007,-6.6123051841354625
-0.8885667493720714,-6.598880263209028
7.914401180547758,0.48152716045213334
7.873322051386689,-0.32420602737554916
7.650064173202865,-0.06594348162468329
7.591894772844099,0.2402395700951711
8.176097779592013,-0.2650040108071412
8.287769047593263,0.13137297026546577
7.808555571631708,0.08553771473906775
7.738901047327099,0.2435429222118888
4.191944059896535,0.20278391327210962
4.170985832277117,0.19529434537042176
3.835678440861456,-0.18395163163294026
7.532426724779875,0.22427313462415574
7.488394751732654,-0.17513643551132946
7.525026250308989,0.07235190318599924
7.6291124280747615,0.16433028980002123
8.164147503971822,-0.08144687722803015
6.275613617103797,-6.6070339945178596
8.335876711121156,0.15880135889677333
6.342769210965982,-5.52296065707474
6.290464584661479,-5.3312896941365135
7.926348180372565,-0.39813746313702975
8.200785112073609,0.052594396982985195
3.3115924061267106,-1.673321179005242
3.346565030868082,-1.6888441160086853
4.240422658150057,-0.7410729894290984
4.271602027159475,-0.7533651780715519
8.185479316923397,0.33294147920565303
4.706001000822014,-11.091827947879608
7.999439368400368,0.34380402144568223
7.8849394878778485,0.6896073719203878
7.837023116624624,0.7025451101139326
7.621400378086032,-0.3145920348237636
8.100322713724697,-0.12629565474762644
8.201427797806193,0.37852414540047286
6.206699646253167,-6.383683940928567
8.15820424754898,-0.157038497912061
7.987698207265035,0.2917844871892121
7.551447236519786,-0.31025127958614024
5.465731901541422,-6.0830897758337805
5.443235982732352,-6.0778387735318615
7.898337854122553,0.38190136701341126
8.15382989786523,-0.26662119222937586
8.096331149852121,-0.16894003001040667
7.845682308583426,0.8573405305782957
7.748253244166054,0.1504154089620681
-37.54381315619638,2.846603883200765
-37.5366877663157,2.8443500386956653
8.139948164739687,-0.14102279901038783
7.628234700784757,-0.14002670952786841
5.366867083941081,-0.6525207611710262
5.3659624632829175,-0.6577056078011857
7.9011123020633605,-0.26855114541941894
8.08080556562152,-0.35538787174843994
3.239943664676788,0.8826118251990834
3.242954024317993,0.91973793752089
8.026231381409273,0.3520567966170204
4.1919273945502225,0.2028159842688248
4.001334823308532,-5.361267253041897
3.9928558515802304,-5.354545230059479
6.316435618788008,-5.552202537533578
8.395214250081807,0.17205044359787816
11.930662719946843,-6.792331261660687
11.916936230271407,-6.799087492019316
1.498081325702813,-9.204220408086009
1.480630780265518,-9.192248710204286
7.4528377605895155,0.1626638117024995
7.815736404518311,0.7695584998483818
8.204103041998277,0.5046152423144802
7.90209673782797,-0.5342464438946117
6.525483638512036,-3.289800005312438
6.523593245340851,-3.3020252982790677
-42.52003654287343,-8.542111648846111
-42.54867845836634,-8.5339950167234
7.727881793651759,0.18830204059719266
7.8441462552265095,-0.41057684465916106
8.260945152569358,0.4001477888893818
7.7066372077758505,0.045793117470726084
8.32245603617353,0.021477102348215392
7.748213378437723,0.38628512465429304
-0.37864228188663135,-10.7184116181653
-0.4075076123865115,-10.707935535624362
4.706000962054795,-11.091827874905702
8.161488669550343,0.2812495092183816
7.631756578933749,0.2952073105743719
7.586373774553781,-0.12189167642473153
7.552365962498417,-0.07991339747219818
8.178687129458778,0.34159469354270977
-11.302877005000001,13.05037104108982
-11.33019901487675,13.044941797551623
8.288859164443224,-0.08683118666816358
7.997207772654275,-0.20375960214328054
6.2074376884957205,-6.3851042975910035
3.032485954341869,-7.893303646962189
3.003456272437333,-7.903821960506833
7.372468208789377,0.23195470255654568
8.075381835514015,-0.1102237832152184
7.561186260354155,0.13257251140058557
8.298430634457333,-0.07850106321346342
5.183444849812765,-2.9662768329558995
5.181006153092164,-2.967618370829078
7.81574662257484,-0.43934458479923927
7.7780881453798285,-0.09364370045259937
7.666830255352631,-0.8987697338384878
7.662082568556733,-0.902682764164893
8.158367546782788,0.35886836370708747
8.103372168718682,0.3296020427910213
8.36651344703446,-4.9453103874557875
8.39411842111209,-4.946158556669073
7.799287133401935,-0.3487917469890284
7.914239951377495,-5.812361850659737
7.930173080486863,-5.8373777573423
6.373208897890163,-6.301483330603532
6.158037914885213,-12.605374678027387
6.177321882657826,-12.595245193075435
1.8550420592929855,-4.75327870706201
1.8725358945797057,-4.779362544023064
-0.8214773714421821,0.6562661645975131
-0.8110670114022015,0.6796503268158366
7.917861815050916,-0.30575576419820233
7.971339221659699,-0.2446828240594021
2.729651070167945,-2.7811495765192142
2.759052083410952,-2.7665517554489605
7.614251934494738,-0.32700732760930556
7.481302844265729,0.08327948716971831
7.833583203214764,0.44819133555772694
8.027624447570894,-0.2087020729623825
5.947436267650686,-7.1926985427969345
-45.672735008342585,-25.68167894619499
-45.69654391328954,-25.68691197930129
7.9689460727356485,-0.3666176713764888
8.271214025019571,-0.06281220747947712
5.710748311066998,-7.526809104753745
5.686609539480125,-7.555078284002026
8.018615395261023,-0.021912118351619762
7.801470774298627,-0.11336163960925669
-49.198399350724166,93.79685277625886
-49.227187660159984,93.81005676472508
7.495165467038679,0.019086326379576773
8.065987881762432,0.20363045899720403
7.538161098207609,-0.07469877956751274
1.4951090059580605,-9.164189110985047
8.041187003168124,-0.216469934241927
7.7560153604111255,0.2398807881675367
7.978081724557589,0.2951320321168555
8.155980442475391,0.3157118089763416
7.62565398405074,-0.1420931543043611
7.808187755689112,0.17934928647976053
8.083182664211629,0.157706667345941
7.6832751835682105,-0.21229947172002286
7.603574669660584,0.136148128540235
-15.655762680795716,22.865192487080392
-15.670851400314453,22.881166665448614
7.682770813255911,0.21438930558556674
-19.119768113152144,-14.74694168942828
-19.118838539641594,-14.718948793805952
8.317099193902187,0.20794134392467592
7.6711499492651445,0.22767777559917854
11.928910416560605,-6.788959189715917
7.922911404372547,0.24401263807073728
7.713414558853196,0.4867915544831021
6.231796414353615,-6.43198020988286
7.644783643310781,0.15949743355014423
7.8730257735860985,0.3530718731846299
6.32467658831766,-5.547921117840501
7.990648891176866,0.2949528540550804
7.994189766327532,0.2991187197542965
8.076500656955073,0.024448851006850902
8.142745153811449,-0.09343741572211973
7.951292796394294,-0.399030391104156
8.306774621762052,-0.20758798898133096
8.199386977499717,0.3533573506607928
7.991270203511107,0.42392561532602974
7.741369056441403,0.1603966797615675
-0.8648163268299293,-11.097800704870949
-0.8576790895001091,-11.071964332783503
7.622467358201769,0.06552183109316186
7.882080067665267,-0.3122413599544337
8.192748043502945,0.29042842375844496
8.218494999391885,-0.3244240498021552
-36.51083045762016,-18.506641263771698
-36.53608585363712,-18.51424945625118
8.002283188737572,0.3700415354377861
7.861751081962193,0.24621899867779617
8.181214995890702,-0.14336000766035178
8.359219383759951,-0.010373123124818164
8.09877452969758,-0.23773647451640953
8.049708159404913,-0.13915099494125352
7.735659496578976,-0.35085669830915484
7.509789154279239,0.011576113014284082
7.915181860140448,0.33573990696315004
8.255040143886022,0.22232556290929406
8.015301516143767,0.36834732645824436
-6.057323789389616,5.966365435823377
-6.074480204831638,5.954139029213503
7.806882451524285,-0.1287152356461514
8.029836691000115,0.15347858002806225
7.627229360969091,-0.15515805298805968
6.230880536847834,-6.430217619987355
-29.69667503669685,-23.673577344357184
-29.68549654366904,-23.658624493721764
8.457380497554174,0.12130850601565137
7.818038122461346,0.18579062883666467
7.730718086411881,-0.3045788981291744
7.5730284979362485,-0.04781672545651202
7.973548512068426,0.36128176766066655
-99.88709886839294,-58.06244052367899
-99.89768304057286,-58.09670577745244
-11.745791236758548,-14.758180039468142
-11.739477237502758,-14.78810819479537
7.8395118432976005,-0.27710274640505633
7.587364946799545,0.10704796632969396
7.55679917433168,-0.016841736712466783
9.335510545106526,-6.891526677972531
9.300177326449663,-6.882231320078492
7.894202133498569,-5.786945381319787
5.9868139846566955,-7.283841619416411
5.920319460579218,-8.48611534848266
5.921613133469504,-8.463810079413733
6.3746530058792,-5.521955076917979
11.900826663050097,-6.807782999849822
5.736812355015669,-7.528959266936778
-8.839219515139774,-2.6049769638748703
-8.807475423840655,-2.6193406393431884
-119.62804682491218,-69.7034093790132
-119.61037869088864,-69.71834491220714
-5.263794037966759,-1.15527375817947
-5.292425756136281,-1.1435465922474235
4.692221095913281,-6.599673489588821
4.689613410070263,-6.596042111967789
-37.390810513368095,-18.02917832175395
-37.41625293770868,-18.036627850952886
-34.460121158191406,-22.22445242225518
-34.46928074255007,-22.25196965555489
7.538694760652514,-1.3979991091229613
7.538580695536852,-1.3812970466674963
8.56154109834199,-3.3646929809391244
8.57884871066897,-3.3641646406266155
-8.815450553340842,8.398467442599872
-8.797483070862441,8.41964552675363
6.1645131446833785,-5.604800065882063
-53.377913821609596,106.53437009724246
-53.3583318697174,106.55436741111502
7.551028618457414,0.08818328781576529
7.916269721634582,-0.21991063731126012
10.368481462593516,-6.05050847042633
10.38850050489911,-6.031284732385514
8.185210700387834,0.28164713427548044
10.412301855575734,-6.035720858435845
7.425025584660232,-0.07259130727575817
8.202164715419375,-0.15251329380759554
5.072691471977704,-9.282402791672443
5.095594650680797,-9.277411856704536
7.960568978602368,-0.20631998467296533
7.994761195811498,-0.11268232355275175
8.01574683459285,-0.16242526968978416
8.20021619443652,0.1895153295475217
-29.54529888922886,38.987627750396896
-29.513584566598343,38.98690276867582
8.218089382630003,0.34773221779348934
8.057522953886174,-0.2601648529322533
7.708701604396783,0.053349125141759844
7.8290533481141145,0.3911909253939998
7.662590716470602,-0.15337274744817095
7.755269706224702,-0.1876515071194022
7.957268173663099,0.28627088845103177
7.7320679421934155,-0.33752522381031763
-24.362155591989172,5.047277811433112
-24.375978052096794,5.047352043923731
7.500435431474929,0.055215254407785665
7.73666656642429,-0.033027328951241504
8.151666107116705,0.28959210619693965
8.192440577624376,-0.12554651270542996
10.412301855759626,-6.035720858393459
7.700503321996689,0.2961012614627109
8.035928740900552,-0.2549867817632376
5.994292325995386,-1.4203833772122738
5.977915877500095,-1.4536104866468003
8.082953587388838,-0.2278164325618321
7.99750679549667,0.30254127730668645
8.069323382099771,0.27594566624418315
8.069867731177125,0.2345396258117371
7.536338586338713,0.07340314478585896
8.094874347086401,-0.17538210167493493
7.716862732338179,0.3459551541378298
7.688332197166048,-0.22625573519146958
5.411335370179132,-6.112603486387763
7.5369164856296225,-0.07697727605304534
-75.57887755956848,101.41080118481422
-75.59734880390279,101.42501732402373
7.804631634324934,-0.2855514655176002
8.013147311375983,0.360123808369366
8.21502788663542,-0.310350535499779
8.239980518721053,0.2468022296090203
5.796164743688655,-8.059219001275837
8.01855539953126,-0.23009707957673317
9.95126342802503,-2.614858269401505
10.113516483358328,-2.4872901195219073
8.127255912634983,-0.0351236385863967
7.782094657883887,-0.4906427432314259
8.133157304026978,0.05540030840336617
8.136130647140408,-0.13301424402629133
7.861030229073852,-0.31374371293234454
2.086557982662075,4.201567397331725
2.0620229285454728,4.187437910381774
-175.14848057106374,-108.5042147164378
-175.16230994894502,-108.49827731765257
7.6160826371136805,0.423148268272984
7.773077323462722,-0.34434732417908714
8.11411617857024,0.48675656334209805
8.050942973950473,0.2386313568643051
8.310597044903943,0.1776217732848935
8.181921252690337,-0.3468013945844063
7.626799723247299,-0.16496493710281923
8.046241831792305,0.4337920050022114
7.922176290951567,-0.3895799489422489
5.692154545922205,-7.552165370794125
8.073301180111905,0.008290841945177856
7.96584768853613,-0.20819141516952075
7.892216606245885,-0.3093920964328264
7.960727222083525,-0.3019243713551461
7.7187169885748395,-0.3146030709888027
8.047663716058247,0.28506347046597996
8.358795562603538,-0.018802935941332647
7.789319253976162,0.0472816981027848
7.606644714184423,0.18757673604627054
7.974975467908976,0.26791819235994546
7.795365805550729,0.41861452864359583
8.283907965246122,-0.09543655736734542
8.182125031383874,0.1448963436359205
8.020147784762571,-0.3703612448743901
8.372506533499552,-0.1700081017239572
7.512175731293537,-0.0014079206908392409
7.965792555574651,0.4595744637435851
-1.2948884352226153,-5.489942190523644
-1.2987226711090623,-5.4652017217360545
7.9622057722923385,-0.15136056860313468
7.618184845285624,0.19543374006121328
7.644871900153734,-0.42848052733757774
8.127382416519085,0.014696211891666795
7.888247270439046,-0.2429746724609208
8.114358084022665,0.057861520553901806
8.296867280698637,0.20977641632493052
-8.533869267720673,-3.008302842201113
-8.426999128417126,-2.780216749548934
7.5184045782567885,-0.16707240601568277
5.7367217775850525,-7.529006335031676
8.142859772029112,-0.4668242541294282
8.401304612097325,0.09876213882349164
7.748614651173802,-0.24730719154238687
7.774347808395712,-0.15255242435200808
7.654055556905691,-0.30297846670291817
7.573106226541824,0.006003077511933778
5.90593580260198,-8.501484407745341
7.843517309306213,-0.3064821496280915
7.82789025662892,0.32082497598750886
7.741890424332243,0.3858563646254635
8.345957274256092,0.22232177152024118
2.312015131870333,-4.779412247626468
2.3177788258917373,-4.803756929215867
-22.762679135420253,-10.0119989163866
-22.734859898397335,-10.021104024621545
-39.33575727479045,-21.711640655772644
-39.31977939051191,-21.696605509221076
4.68478515171058,-6.604366855558896
6.320399427188039,-5.550139589031985
6.231788096720401,-6.431964190365164
-12.569671786619942,-16.251148306244083
-12.562520071363043,-16.219415349054756
8.332569964585868,0.3124462933913262
7.84865119365795,-0.22192230492117698
7.555385446117279,0.0797115429553508
8.152780246294324,0.3230310180038815
8.21844595651295,-0.13924214088330486
7.82093678305089,0.43464441024527045
7.895886000368067,0.34181759416621876
-16.51998430195596,-10.34513744529989
-16.5462918887716,-10.329573334384365
8.069839649451017,0.22189101432763234
7.766950277912173,-0.402377244754515
8.413254825050425,0.07901178912404674
8.258838339961406,0.2180724619317783
0.010130393999042532,0.5817211710695193
-0.10934760409964461,0.7434772307872105
8.142062656714135,0.41980564615028476
8.318933697510207,-0.04828394875916835
7.8120223422456565,0.44094392477368904
5.317599953196737,-6.15185370574756
8.098348451004641,0.2817239693095718
7.538909456340423,0.1619286959577161
-53.73369225036231,70.71765363360154
-53.742504947710394,70.68780108374662
7.833903298421881,-0.32772873741400227
7.827796374674633,0.2199147365444653
-137.27459035465017,-40.17461082812431
-137.28357654907535,-40.203075059184776
8.136563916971605,0.2556643712486353
-117.89804720370486,-76.28981898521116
-117.92911963599138,-76.28168726640817
7.629448238414057,0.2914209737065911
7.53966953476757,-0.24173986507547862
7.945305685245488,-0.1753951753549341
7.6278159379357895,-0.12733636393323125
7.863788088451592,-0.3080420118528073
8.215825966233735,0.07659006135763755
8.271827598059591,-0.16817070986963586
7.5839673743767415,0.12000695919053304
8.246746748333637,0.2428326892860728
-4.120426823509427,-5.569936221271032
-4.107735697672156,-5.538550102366725
7.641170132668766,-0.0958392741167921
7.767455890261899,0.3536797396588822
7.698528601447883,-0.1403579768098439
7.505940070402346,0.026352939751208455
8.259070226331547,0.1922417174718286
7.726810220374318,0.1858418583276529
7.628704704442672,-0.21456834354255508
8.293442759399046,-0.03830843230197688
-59.37318845370457,63.67788493908045
-59.37064844459658,63.66373965001346
7.945909496796666,0.34775985168280815
7.537809910338469,-0.07028956663766606
7.685411262047999,-0.3073608415345927
7.791403783469423,0.18697135590441377
5.556248898447257,-10.181443777954103
5.5198254353869975,-10.192897949978182
8.131745199600834,0.27639213519423694
5.731565418905389,-7.531685798610839
8.30950288312997,0.5551106419058713
8.093711545583318,0.32994545015921956
8.055510637349169,-0.09148561033354129
7.667480828333636,0.12987264576250143
8.211565634395486,0.11333035771518708
7.519634607416416,0.08385580411921195
8.052809258892957,-0.3227914236247898
7.753269841128403,-0.14295875903183286
7.9688998067935835,-0.2749683455891254
-52.91127429308934,-28.14972364399923
-52.929288402402456,-28.130478873518754
8.017877026194885,-0.3718530533107073
8.205753534000152,0.01939192634127173
8.202398431889474,-0.2457900786658763
7.544451585272924,0.1140940154093998
8.14371717356718,0.2846581215815986
-25.48656033232594,49.327163854013826
-25.50043759686617,49.34477545214955
7.656912899841294,0.2064888530077564
8.201451348447343,-0.25386993311585815
2.5379507453531387,-3.4455971307677054
2.520591478619251,-3.4851782763712733
5.583246957573761,-3.37943245303092
5.57839922917289,-3.365015117806621
8.377388743464115,-0.03657560277696405
7.6625873629848495,-0.286233138854991
5.356390104736711,-0.6567626283311041
4.361352081202832,-9.450282381534407
4.372287754492013,-9.453768559768056
7.5482791794708035,-3.323680493954428
7.550030452380981,-3.2822263465899817
-1.8018766958978472,-0.8699252871420147
-1.8172389606943862,-0.8974964038456575
6.0222436538804605,-7.819963905609068
6.4273770048290135,-5.755982387116223
10.387678092518275,-6.005952843430205
-26.21775966963388,5.677729244792883
-26.24646698627474,5.686439087933416
-12.282891719294696,19.598708348107493
-12.270193350962705,19.632328857935324
-41.52155299249333,-24.83988083732754
-41.528689377376644,-24.867668282831502
7.556836444577504,-1.3980708828873527
-14.936819985513198,26.339772876856134
-14.923991546270253,26.321756129565546
8.345982028364288,-4.971172457770993
-31.820302360632184,-13.820064763761485
-31.786663005042804,-13.832774586498482
-1.8932259676748047,3.0537095760360615
-1.9084291018896316,3.0707697339883886
-22.823353021052352,36.45874647309031
-22.816534234043022,36.428765328922594
4.5641731676960084,0.12017767879044775
-91.39177376111469,-60.02623148443095
-91.3780148999941,-60.01642258878435
6.122503894384726,-12.623570495973924
6.318889299202077,-5.550924246293116
-62.40324069074921,129.53243632625905
-62.408695982495395,129.51396908034133
1.9410719275378163,-6.353513989535045
1.9570527733887013,-6.348589334716339
6.839973499316827,-3.2904266261229203
6.854072333239908,-3.303184319996132
5.9392434692290905,-8.497717420598873
2.6328600873621957,-0.3669333909894135
2.6342594489880016,-0.33138971723333766
-96.79836575951228,94.77277991521295
-96.77196862994415,94.77782163171489
5.857902529675608,-4.0610550178478055
5.764107641573728,-4.237192170627809
4.564173169579451,0.12017767476607724
2.6211750280463306,-0.39999933091665574
3.721619583939977,-7.13042656105647
6.283305543516483,-6.60488585543374
6.504847666183351,-5.403913457992158
2.111068005259535,-7.0442443267779105
2.1566132051066287,-7.042995733042236
6.318740103169507,-5.551006752273494
7.960786230250602,-0.39495815028351466
8.205704533735668,-0.22332653561287655
-16.076042946939435,21.81055596125396
-16.071395610137046,21.789601480838957
7.774318685485076,-0.2280766224921562
7.697076181153597,0.2287636330899284
7.785613437721277,-0.4773876882450197
8.267210320618538,0.22852476594245894
8.195184523282926,0.35058031341114215
8.375625152416017,0.15483529832615656
6.04685085047838,-5.86202261156983
6.068758004543379,-5.8700522752910596
7.690865127642764,0.2857470569592244
8.246879025275547,0.41174231159390806
7.483574825959089,-0.040452074247820505
-23.04534304697976,34.59253841245149
-23.078863874794212,34.598518380635774
1.709950483445614,-7.039300253632382
1.7425202510429143,-7.046894482884022
8.214181298276252,0.10673497312163462
7.480640014966473,0.04021817799797561
7.665413775345802,0.15455447121701882
7.571872164467964,-0.2183482899183965
7.730200660300518,0.2722592701524697
7.856320094352916,0.27798660315281587
-3.8191084077066977,-4.92462763838167
-3.8136366057979534,-4.91260171004822
8.331104580642018,0.1256507085961795
7.9072504203483,-0.2279722573797983
7.533230901023604,-0.20736963719721332
8.058000451785423,0.3205234822147022
7.688288887997492,0.36261661768692005
7.845621130778212,0.4038530687843608
7.819302044507035,0.18426383569788143
6.231709104122945,-6.431812186077441
3.219627447799753,0.8503520322052417
7.03727518044883,-3.712207643082205
8.103353776280771,-0.3188043363533236
8.00838222177931,0.3585637666753334
8.2088669148322,-0.026529008503277343
8.290244970845137,-0.09979424679566253
8.217866161350447,0.09958436879026084
5.716844541736062,-8.108695795983452
8.031703520980138,0.34299751246024435
-9.711290097024651,-10.138417674010407
-9.707263554979793,-10.105716095543386
-10.328351635188097,9.42010262419716
-10.360620774585671,9.420439820281716
7.488811657550069,-0.048614428198002345
7.823309091135539,0.09059126057963723
2.5695178198615034,-5.90491326677551
2.570802745781039,-5.917714141939156
5.536781786302085,-6.217896864156353
1.834114294407843,-4.726530430676515
8.112656631224143,-0.237750102206011
7.743196950621323,-0.3105855377401281
8.031282998203178,-0.17783962550965127
8.069183376114033,0.4237401484041314
8.243900882466376,-0.3039669385964797
8.109261720637623,-0.31185672087418714
6.30401558211941,-5.5041257415413885
7.744878263685515,-9.97749231504636
7.770634208823678,-9.974821588131896
7.943397471405213,0.241232791173652
7.970850465085658,0.29459683313122476
7.715631791924429,0.3713902124282824
7.500978834547637,0.11598363927262101
3.3706044087029334,-1.6966483748582226
7.535736472194078,0.2519409310687022
8.003056070785581,-0.32673652275601317
-12.464945705455273,25.810043916626604
-12.456424802519368,25.837845525256807
8.082052689443453,-0.35259215008265143
7.9820136105513955,-0.13806701836774563
9.58532981842025,-6.942149651319849
7.707091446398204,-0.31068751891409185
8.280038690330867,-0.2576018994012065
7.844603036026984,0.3706901250442838
8.179044819908963,0.24672793900426024
7.850794434966189,-0.32140832662197283
7.678432350970566,0.36834610948659235
6.175341116870726,-5.625663083157618
8.043147907601274,-0.30464840745708976
7.5798359215967634,0.1540176429960101
2.698051703081522,-2.7955692681178417
7.885741854231072,0.37083675992883647
7.557514501126595,0.08729638477145735
7.936211343350726,-0.3042278090387839
8.163715302426272,0.2668790308848831
7.947344180427963,-0.3439590078028489
-26.282407205829067,53.552456663781975
-26.272927120987195,53.58098001246625
8.366850801387006,0.033593603803448814
-28.889949973402782,19.317728654066265
-28.89180196720731,19.34752028687832
7.738686531784817,0.32582369285635
7.65502265921301,0.21115030553754083
7.944420980985398,-0.3745438412203783
7.9136570078270845,-0.2718619390510822
7.7061073742851205,0.40464986466285446
7.902353830216062,0.39315969897990566
8.236274123145456,-0.14353024159106814
8.209665315826275,0.16934973054239083
7.775525543070097,-0.35700688382755985
7.980798089642348,0.4037003541353265
7.531334037695815,-0.005119073899903794
7.928176668027342,-0.13806678622849222
7.68889370683261,-0.12969201313771753
8.084791531221333,-0.34611856854113016
7.79505830733887,0.05456950393227454
8.017749787104187,-0.11484663174283376
-137.23253850024906,-16.062924762151383
-137.21783641657558,-16.071741146834064
7.782113737206554,0.32789175293730666
7.892650459584592,0.3574771391688826
7.754286541770169,-9.970291831106817
6.404470550992216,-6.357797308211947
5.990928137538774,-7.281585553203888
7.589650116833276,0.4402295002318373
-32.95712631794955,33.89340256640644
-32.949014089438265,33.922285625046456
8.194206067337095,-5.039390355115504
-4.895320145291904,7.291688506598481
-4.91776322648787,7.290463876837358
6.231788245184661,-6.431964470960888
13.087394822896504,-7.1596667925735895
13.095784611780267,-7.1742080032529465
7.960411487955877,0.3907702216648809
8.234501579006285,-7.519886710622658
8.230793794531605,-7.518402123259398
10.412301855656674,-6.0357208580133745
7.46675125078745,0.08833280751978775
7.706677342658323,-0.2869219914711919
-27.60263280481825,-18.857980400286515
-27.608629786124393,-18.884106537345783
8.356537063135454,-0.07789322923093174
8.187342722172444,-0.15475265858965861
8.255027461788272,0.0709304530749081
7.092899411268766,-8.971855705498553
7.083914506382294,-8.939101394140216
-20.983385315505917,30.902753622515483
-20.991696219679966,30.87440259593038
7.681459713288164,-0.3239484715807609
7.664092822648727,-0.08780976460535411
7.873895881605219,-0.1911776290043941
7.652613488028922,0.1959460124773523
7.843600586387024,0.7492483553858285
7.7640575913778065,-0.3676735060573646
7.956891479141385,-0.36212492226304727
8.117741824925792,0.07670049321976717
7.871731252888127,0.346307640965184
7.785794158778779,0.2605181193494982
8.352105915749405,-4.967990213614262
4.787066354016027,-0.20126598507365343
4.802233714497621,-0.2219055859939655
6.2317829008270635,-6.431954190055837
-0.5872004188023408,-7.348167724383144
-0.5871625602393665,-7.375841097177434
8.307880029731306,0.2214250449380558
7.958585844217078,0.4105513629195911
7.590938208177382,1.5718807679534508
7.576147029607872,1.5677925398694514
7.814025239584609,-0.29486315122704826
8.375479649558326,-4.905245257781459
7.696028936084473,0.21586225079080565
8.294632940388249,0.0647097128753786
1.2526183974240637,1.186997307616255
1.2357044854880785,1.1855372531847606
8.144989290204935,0.28114223198524835
7.738167571990501,-0.3106519635894109
-21.47031419379522,34.69211406062081
-21.443269714724515,34.699824419326376
-14.642183033321349,21.98465067099176
-14.631139058228793,22.013024938213402
4.797959108352559,-0.22348932320723533
7.724289942203125,-0.301489657447658
13.09361338243459,-7.177009683576199
8.232624008264054,-0.06762796843899449
8.149812863248377,-0.30825332359156576
8.295627700289598,-0.18245482037221442
8.201709263897436,0.09550090865429743
7.985178253932317,-0.4676265731766625
8.347686157288088,0.2062673327401516
7.875069430434229,-0.25843129581946345
6.319696686207102,-5.550505842832975
7.650421565589741,-0.23255696825022554
7.944663186093799,0.3785664643832608
7.58666952663103,0.04796729792044646
7.533733931307578,-0.048550927478508935
7.560576542681011,-0.2139301847463381
4.038551129222228,-11.685559374495748
4.008998270898939,-11.700056390939553
7.752635846703478,-0.19249274476930148
7.978227579132399,0.3578827747011844
8.389093767620203,-0.06423866455242169
7.920155391457725,0.19322940613779946
7.5197915472440515,-0.047237056075872544
8.010833617604051,-0.22931819270082748
8.082850810477733,-0.24464233928229243
6.231802319158842,-6.43197966755555
7.600590096452016,-0.3063606529306926
7.764556936859833,-0.3140850751112796
7.617530850235869,0.15864672876898311
3.3133624247897013,-0.6178575099819065
3.3005790150495624,-0.6232977438494093
3.265654030126521,0.8750689153021107
-13.523777524550919,13.601072301100356
-13.55833641250099,13.846384262085941
7.871162517417193,-0.27698289043851737
7.89031155897941,-0.3117628029828166
7.745515291963979,0.2947517605061604
-1.9046351962916865,2.3286019246709553
-1.8956432826934322,2.355871896306241
2.3519958312449463,-2.7658734218522323
2.3690918215254153,-2.782907032699733
6.231772432309041,-6.431934042906531
-30.66600470047689,-28.715935670531437
-30.66984802447334,-28.68668461017984
-0.8180845489729281,-6.625304599084842
7.844445855141875,0.3359269811805733
7.5668151772994925,0.13880867492377666
8.225602267417637,0.1263335999675393
-95.14493736818288,-51.28637788823832
-95.15879090495197,-51.318338479280705
5.7546051722737355,-8.080909746054079
5.769751512292125,-8.004034052602416
8.350105897575734,-4.969028862407726
6.177293728290442,-12.595191013188119
7.9422385884223505,0.7961269393661865
6.045522091719579,-5.8253371046852385
6.0280346053962655,-6.480033028489379
1.643855751242535,4.719119854690327
1.6529189725943754,4.727138887289101
-21.27211550946366,-9.052296421714994
-21.248031682864774,-9.069211991020557
3.655415856165778,-6.654015102858493
3.6619625871757657,-6.628711525650066
2.725742561333509,-3.926818373309575
2.6975777145909383,-3.915090494739103
-41.44140026035297,-16.105660653388984
-41.466807103823406,-16.09580886692592
5.9392301640113185,-8.497712270459413
8.058017156735568,0.23944815559675736
8.24548614001028,-0.21652467074279783
6.0483492488846995,-6.5276413968302505
5.5726427621823555,-10.16555151043776
8.094647221409906,-0.31020865935376973
8.194340999992532,-0.21600786681919287
8.263808291277055,0.1689924114364653
-54.835594179381715,-33.241272292793276
-54.84385577101644,-33.27419477268934
8.18983523539321,-0.3113821881175651
7.651867534495303,0.22174851377999738
7.90822677105513,-0.2975147905268416
7.673419611188102,-0.03394805185065453
4.163925205250157,-4.182716184168463
4.148685519321814,-4.157784117057038
7.788603384954034,0.423284022971931
7.472730488402876,0.270273531383285
8.15053541109691,-0.17231648426703794
7.804588751832384,-0.30712900947444666
8.078886264562222,0.32983287702409264
7.617502805193109,0.27835812631423107
7.481241409917941,-0.08030882856767317
-16.03251926453893,11.86987564888469
-16.063410585436678,11.88174881772445
7.7184715172790845,0.00016590683060497207
8.29336010079045,-0.16206660031154088
8.042334428103562,-0.17017962068651243
8.074088137899064,0.3245353684387914
8.27344642776311,0.1972345253874251
7.681200504506408,0.19830470549407955
7.691373429975121,0.2682855526439284
7.840637848682521,-0.341639518033592
-20.27149839762198,32.734972071388775
-20.244890788892064,32.72659683994504
8.157471923153185,-0.2774526206542969
7.508003885605635,-0.2083398930233121
4.135831907633698,0.17360497519184184
8.127674231826871,0.28104548564922033
7.824428289647488,0.35601771415638817
7.897255360825011,-0.3353754935164661
-61.022014591564364,68.79406766910097
-61.01460505416882,68.82773578380242
7.850442905131962,-0.1466124699074333
7.634311494157642,0.0048117395777474955
7.862685347576405,0.32917610154140076
7.807114010398918,-0.10334148882437282
7.809090518873889,0.3573364809793764
7.715834498732566,-0.10331010491429127
7.98279878550107,-0.14381334760575057
7.721261005098957,-0.12970476602339123
-26.592520067643342,-17.1060093289948
-26.59020671826877,-17.110817341411384
8.13429900101789,-0.27342086014832406
8.131541685606377,0.23606217915399608
8.250163820124502,-0.3336995823024118
-5.711129075046146,-5.022895005026219
-5.702603627900208,-4.995299085777929
7.923780088903335,0.2743408913247365
8.040057798298463,-0.24273505947416826
8.107131820952334,0.018035865298444753
7.8748155219489435,0.4892263828884316
8.15593698998474,-0.3349015425246507
8.252954254850554,0.04890854268650685
8.490418482337228,-8.71806759963097
7.714164956706251,-0.06427835101016496
-7.2987429356941504,7.206911678366801
-7.331452685817383,7.213712880325342
8.010550277987711,-0.46576616443117513
1.9568345957103965,-6.34615945888817
8.21496162490337,0.34591512502036753
-21.483838635374838,27.017189006108566
-21.48963920977595,27.04051765497735
7.815200931039762,0.4180575342929103
4.2166214607281685,-0.7363377032097431
7.742056751117646,0.2450214923622319
8.2868208867215,-0.03732228177435221
7.56995582435779,0.18891015539978104
7.765617709074035,-0.2801713967270754
7.932170288031141,0.33335302975167225
6.324799342867495,-5.548111615623246
7.778782555972144,0.2324163853374247
7.9300151405043176,0.18468524414850757
-35.79883036544622,48.556874024731314
-35.7838922025293,48.54113822337053
4.065538172586269,-11.670675496853175
7.827716794489897,-0.31345616506757845
3.7777187414914337,-7.109124401243775
8.134665985659089,-0.25198912699530424
7.5955589279071365,-0.08689055922314491
8.26350311901552,0.1992639578937704
5.912755579333061,-8.446764614336828
8.140855493040954,-0.20274857659852466
7.451619813637709,0.18659236158400197
8.382863225729597,0.6682508051181957
-89.87920913134346,-51.212708318291895
-89.90930772528817,-51.19791591916672
8.278370584558164,-0.13228930234671782
7.703182301940458,0.3226068658678025
7.668217657922796,0.2748914958086857
7.7176557310195335,0.22056688392782395
7.598567810626632,0.08791246097333791
7.554857743050263,-0.0692566323932979
8.31996805803478,0.026888277365551126
6.51889937553952,-5.426989808658817
8.079676190686268,0.29612412638697144
8.078216617316336,0.3269725222386311
8.370715442136136,-0.01942139896824046
-11.764830738403127,14.887020028532454
-11.76460930354229,14.87272999665144
7.6113383863519,0.12527212449829553
-38.20637675405626,0.5259343547718364
-38.20950528105557,0.5159675811707118
8.257984427496101,-2.479639311868359
8.255249232516828,-2.505828154990176
6.067679052678183,-7.248530503733821
8.119054622034874,-0.23325279329282825
8.498839778607307,-8.654957043598845
7.909776249554268,0.19111592797400362
6.370349514173417,-5.5241833813965995
8.037912033421524,-0.07577316064774131
7.676011911254444,-0.11286579030267194
7.628433305897963,0.11858136737326194
8.124448903612238,0.15963659721713044
7.689669463430414,-0.1322748998007938
7.812302556787928,-0.3534854990056214
7.797358670706768,0.8307446064923817
7.558395705427943,-0.21405152426237337
7.892300025991822,0.3868167574601332
3.3195308693170005,-0.6129912055311191
8.032613671588226,-0.1147496862494919
7.701393927174705,-0.21599324657592545
-10.284148119645874,19.465381439479685
-10.307579272544599,19.46316370932677
7.649443766805374,0.3268483747957058
10.232144042459753,-2.3940862234233435
7.8174698571425605,0.0738652092446198
8.025301163965022,-0.11746464146765193
7.6521296476535605,-0.2871808020122912
8.206239440560477,-0.24633274082166529
8.408434389562983,0.1268917562962765
6.319193081168209,-5.550766446606334
6.320054679925587,-5.550318737326324
-1.1344152450885547,-3.372093683832406
-1.161325197257566,-3.385054987172216
7.753344518095461,-0.28481684424333337
5.465757690390262,-6.083139403997557
8.339663619902312,0.2430409851948941
4.271602027216923,-0.7533651781131387
2.318496206114139,-0.10367760419990409
2.3461910451451367,-0.1108803798309906
8.052810336128088,0.3317795326041576
-2.5466424557113103,-9.94299791763679
-2.5444207811816937,-9.975106379822275
7.670308383169901,-0.25196197086163247
7.658394398169942,-0.12323329593492491
7.649761461839285,0.24112505602503703
7.68864585566259,-0.13529414238091494
-71.39339211255756,125.92243430253613
-71.36308202042662,125.91396909082758
7.564109319734128,-0.026037639030258023
8.12346907297392,-0.14579515456221562
8.024854042277273,-0.22643836834106376
3.2854287630692656,-8.943865544105407
3.169412553334795,-8.724166777032895
2.9727408726519347,-7.9126401404925195
8.211313778630219,-0.11794279226901361
3.6745045882178013,-6.652227144490456
7.72057438152863,0.2835142752312716
7.978976253556189,0.2973275641560859
8.396090530425875,-0.053680751300497015
7.645645031785083,0.28214945248856155
8.371611721683289,0.07455207757554533
-17.9205013325057,-3.2431174364738746
-17.915320451355385,-3.2313405350220274
8.117898770216762,-0.22696747463772363
8.273680791955973,0.12180765080197638
7.5877610869229635,-0.07497406366799397
8.03203156462946,0.15333996305951872
8.155962695080394,0.1791617224918222
8.38380963756318,0.10280127792633428
8.278908867728402,0.2486942601111358
8.297731934629544,-0.04736901097428072
7.54088117905795,0.03918850856877803
6.096377240014221,-3.986355217464492
7.559657022063871,-0.07346782132783629
8.107564562341492,0.36495084285344176
7.876021899067062,-0.38301191996812206
-5.2904454336563935,-0.6868540148620073
-5.293606235629968,-0.6967932083406791
6.544606941957185,-3.2923059239335366
8.115926982789365,-0.21042748168241956
7.8550499247425964,0.31437904796038507
8.15127539913878,0.3549326326936184
7.586182805749908,-0.0315909021286315
8.031030343249517,0.016061136044719673
8.237130964946001,-2.523667398230462
8.342301141582292,-4.97308535693548
8.176209498908863,0.1719446215855309
8.131355800518556,-0.34910725049233554
8.25483044144441,-0.21913604230938524
7.725389419718596,-0.13070038962866826
7.793905106866433,0.05009392666452346
-124.24180584945353,46.63868558073032
-124.25368160330989,46.607792441384916
8.344164643378777,-4.972116540130232
5.210714480219669,-2.9752557737672745
5.95307922982618,-7.9626991413537445
8.23043214863147,-7.517714675647382
2.938702439900772,-1.911129771165893
2.946058236120021,-1.9434988782347344
6.831489378215711,-3.3161395808111216
-100.10597758645686,106.56657197035169
-100.07723615853362,106.55751547413891
5.939227847102968,-8.49770781161572
3.3706044082832634,-1.696648375348864
-27.322188414947693,-7.944748550738693
-27.328724303084314,-7.949003429297317
5.835402021452551,-4.09385556693322
2.832741554751937,5.369476303505949
2.867632427452269,5.358968883288871
7.490670602771513,-0.1566002933507275
7.763472731311217,-0.3188107959504514
0.7945330104382972,-2.182277826369359
0.8099595614556019,-2.162175321868043
7.634339124480162,-0.11441428532989267
-54.07699805250192,121.07925805622637
-54.056805457546645,121.08772425430938
8.084821865931753,-0.14075260545866916
8.259942289961348,0.24525989187968372
5.539667554726685,-7.593492397343964
7.75123513869287,-0.44184298118643944
7.594318852941337,-0.05844352215065151
-7.8704390259895955,0.8622357971163922
-7.840218976914152,0.8535859410123505
8.11054280306235,0.3035686372634625
7.561734764665137,0.13507226090464403
7.524513390912192,-0.05423598660739737
8.09197425306837,0.2996123830453526
7.638565017723309,0.15006178112118157
8.321054745175049,0.16327594836172873
7.661009509575954,-0.29278312522522587
7.511512836816035,-0.08749942331238467
5.789740197523591,-8.064355392630874
7.780818800622858,-0.2957984885172843
7.718903197571011,-0.2702501196024173
7.613115356178173,-0.1745659479835235
7.036850981789909,-3.712444691286891
8.249585130060566,-0.14106606837230853
-6.716816939412771,9.73496410253201
-6.748570939503107,9.740118680584155
-47.30253258682717,-27.107200255797967
-47.28692197082611,-27.130142000376313
7.617238393471497,0.15275912461137875
8.234030477097884,-0.041022873449761195
7.923721433997755,0.314348102396796
8.311361472194912,0.23329606857014717
8.069331710780332,-0.17841835508101844
8.179733986683674,0.35406304885581596
7.633160321482907,-0.2090364386585875
-42.45078393904048,-24.94378395973887
-42.46677359627591,-24.95864834556766
7.49996805609745,0.13151906575186567
7.864073517942756,0.3422529934662499
7.643424608838246,0.04168425667651252
8.082146920875983,-0.06977947131853027
7.845112890808644,-0.16803985704189645
8.169871671843643,-0.3053890894123627
7.578903722899035,0.13118129227906022
8.013200469075027,-0.2686396293932162
-0.0328421155287945,-12.324661662363802
-0.018915225969259278,-12.573225258929838
6.319554207227988,-5.550577769204178
7.505786837445852,-0.06282423747071662
7.710217905893432,0.15524474585177656
8.100863860753408,-0.23239070123540634
2.50724167938029,0.9422780531600404
2.5393143282915576,0.9348668726732722
8.06521603363768,0.16531227427007686
-115.8778466967522,-50.39099506683225
-115.85001348299421,-50.40071905051763
8.035373120109485,-0.4495864860654159
7.76863892083528,0.21533545074401156
7.54183069589883,0.12183950406290942
5.2011610968062705,-10.7484035482168
5.1993510653227535,-10.725475575504785
3.997812589157041,-5.364088858078418
7.814456317084194,-0.2696344920027015
7.54035965464691,-0.020039512800954756
3.3174584883528513,-1.6771734948881747
5.65022176227935,-7.516475806252736
8.12609545967507,-0.2298016834151213
4.767162331862105,-0.17046690240675041
8.062466134731231,-0.1911051433961365
7.675201469250501,-0.06885422226532735
8.541045458671174,-4.8428825726899545
7.542594366349228,-0.0056977863419875536
7.831770654041621,0.1866220298920245
8.034272133136612,-0.13545172849363404
7.774884911823363,0.5529320123506327
7.694419221342857,-10.0097885007987
7.713611539295727,-10.001217805029128
8.477660693864392,-0.05073538721572661
8.15191444908591,-0.06362895694423527
8.167565862685883,0.06491547144232457
7.783393755563253,-0.3563300555440279
7.872561210778171,0.18631576674605196
8.112482256698824,0.30011297224804434
7.877504802768999,0.3688108208222399
8.04061819003838,-0.20629014599461237
7.709891901903625,-0.029977667848861245
8.028211756102827,0.2721931394306927
8.208370031759005,0.1996466035359461
7.563401795010653,-0.08118846516638767
7.530107730124537,0.0819925130166351
8.227154214591067,0.2199878335882138
7.887981109481847,0.40704904780825335
7.954188736729392,-0.10227184479073395
6.119415207151733,-7.635259629640787
6.136116776527364,-7.660485317221063
7.777849592382027,0.33834884492638795
7.906731269977686,0.28728752355847126
2.882605846227675,-6.26684556954716
2.8870230992573567,-6.227019243490264
-69.564050707958,-36.650191941584055
-69.59188744010285,-36.64168567419519
7.990971616966457,0.20935604215976403
4.6516170231227365,-0.7723612012518972
4.650447066811853,-0.7745606203427067
7.456366873847039,-0.05024964194367783
8.200591790282191,0.3362961156266868
8.168160420095642,0.21507864260561543
-34.034834056727576,67.23387391453542
-34.012056425738244,67.23844834182654
8.1605514758669,-0.024460113227022046
9.297766959564015,-6.889831155643858
7.600677655869887,-0.04088578445787168
6.177033948834206,-12.59469109396476
7.8010575602232155,0.26260099695427414
7.903449175596469,-0.30943984944388564
5.578284314406847,-10.176408109170081
8.05962839582229,-0.20168412643907085
8.286319682878144,-0.10967609927583598
7.632605645188877,-0.28640582121419206
-6.71129734227102,15.10691993924193
-6.687882906827631,15.111737617455148
7.7205434425191,0.19988102899005986
7.809801419254053,0.3557117246731384
4.646206728508637,-0.7640319223243976
-4.148778044591331,-4.556279844242712
-4.1383571861268305,-4.5264495612623445
8.174166909539306,0.09319282907929813
7.609776838471175,0.3266715846969473
8.032083641185796,0.2734009920485192
8.24503524290472,0.054752206463370194
8.18104862566982,-0.2852757917396975
7.935141099921728,0.3323878255223243
8.138004081984088,0.0663945318053682
5.796164760483048,-8.059218992861448
7.686589100281707,-0.12872653550506172
5.465741382267684,-6.083108021009492
-25.71360330327809,32.66227174797783
-25.716057905399033,32.69053549735308
8.140711678796983,0.4265025716264353
7.845653775809184,-0.35730355810805714
7.9942032627121415,-0.09578835855864755
8.086268217102358,-0.08128897448777025
8.079706913720536,-0.1917823238045597
8.226788241463591,0.18308469787945275
7.812008578105293,-0.29284165250206196
7.767038437818452,0.3203389276579619
-4.750035312149239,3.306150069047878
-4.760684773899668,3.281367344497199
7.627511887659655,0.18524204562617153
7.924827583339374,0.30004444791923307
7.755612627075723,0.29517989485603136
-182.04261705214452,-105.9328567780275
-182.02011347526803,-105.9143487427836
8.09093741782947,0.18946560835327342
-20.17074268181061,34.65254838008335
-20.140580360802915,34.64389757699396
-25.72386220662073,38.379026853860445
-25.73539376427495,38.3562838801884
7.829006718612336,0.35011643361304523
7.755862851642196,-0.03391365088589256
8.251375797111375,-0.035070361992387805
8.22200892798192,0.3040787925934507
7.781895732651535,-0.1490868263169667
7.701324434137175,0.3981542074870561
5.956348787607811,-7.427231120304639
1.4404483932815648,6.447839654469471
1.429606598596848,6.4186218199635166
-35.446723877433115,-18.03496523991048
-35.416636829826054,-18.04171822515449
7.716207441161043,0.4661227302049995
8.415449565173812,0.008155465521177865
7.481288461122356,-0.2599337664111852
7.523394074984741,0.13585052546494297
8.264030033133155,-0.3309350117542653
4.762980181909907,2.5509045605742338
8.309908000534048,0.287750173233394
7.939839538459216,-0.19409202194970857
8.324847749305565,0.02639916100283386
7.713149094138666,-0.2933131717634467
8.104062050571445,-0.27340268649870136
8.09759830906016,-0.22471453438428102
8.400749031736066,0.12177751983531256
7.890985302495133,0.302990679414083
8.010029767476782,0.39081380862625614
7.671360227562764,0.18001805419625286
8.039736638117292,0.3780013332435916
8.05600949376722,0.2687576644758597
8.09847213177417,-0.2963343860149276
-20.21948085059772,28.043462847138613
-20.202859695798203,28.022750958847666
7.789689574906212,-0.47473927296185453
7.972288463063035,0.4403168287139049
7.683593222385255,0.1974045637323765
8.125489553367252,-0.4264699821417651
8.131383048015197,-0.2596311446608874
8.040332800815031,0.23779444107985384
1.7965733212556207,-5.32867457261756
1.8233328251475265,-5.335344600791731
7.9264868647950015,-0.21931265396498048
7.854954516979871,0.8474699086893155
-47.52700757069032,22.20531245883993
-47.52227173622194,22.17722511575368
4.191941184422369,0.20278944612634928
7.864071109647253,0.5056635085664526
7.686243408384161,-0.2567616070063618
7.703754737807813,0.07932519361857078
7.733204063997234,0.28534959821702344
7.5968062927540005,0.10474453599982322
7.726883115392026,0.22512704359686334
8.306371802043161,0.01555167449700422
8.03886211838895,-0.18342723703271469
7.81084084540356,0.41019717073189704
6.321436610914567,-5.549611326901494
7.683883599249193,0.2054854160284874
7.664970661030726,0.2532028851489063
7.868538802094889,-0.40927775927543764
7.645024553268556,0.12613765521240802
7.586255206014695,-0.053769397583740816
6.590510162947168,-5.481325415627071
6.409416101461983,-5.7097000394689985
8.106127720753564,-0.3723246445698249
8.306434874511897,0.18447663056712885
7.642982207658776,0.07318772630408227
7.740520056395574,-10.0010561389357
8.171879386564655,-0.05303828162178873
5.987487935648963,-7.283473354575858
6.543978213584896,-3.3120722403844316
7.5302975504442164,0.05596356644528078
8.299551369502769,0.18215611208757485
8.300343690401675,0.09571823755782512
-17.009451152480437,-10.330308312323904
-16.990061740206478,-10.351046115743074
8.163681497824118,-0.2660644347274097
6.133917555048383,-6.236234049827098
7.716531206601298,-0.11501811541550706
8.287781748175926,-0.20069292131255298
7.652374237704283,0.06526885555662885
-34.15639455976046,-18.17128911984609
-34.164931794015345,-18.199309043529283
-9.629376169088268,-8.712172132352487
-9.64016245792526,-8.694133404795057
7.630991878447368,0.004428725568842955
8.306135588853417,-0.13185066688382563
5.578532200927964,-10.176885140622646
8.191156166329154,-0.16411008436946645
7.623378747119629,-0.3022125572225151
-41.841217491513085,-22.371308263678422
-41.81240727989693,-22.37901997508135
7.969183021481712,0.3734142261684539
3.3706044087012357,-1.6966483750836963
7.708715710118738,-0.31375928263764685
2.5388265154572256,-3.4055080328030747
7.678176914903898,0.14873571182721482
8.013574108598032,0.1559791821718779
6.231779366473726,-6.431947389152338
7.833999663900142,0.3541490641877454
7.6240846844068795,0.18084242973329365
7.765096360964954,0.30003747873780134
7.567644530870507,0.15664266110297215
-72.68145803423383,-37.82108051613978
-72.68077562088911,-37.818924877065726
7.67228028636694,0.12331362695709318
7.766915538126922,0.4216947572863635
7.620322117141509,0.1116517159904444
7.77623228762931,0.17205463828807882
7.763591584063823,0.3120147866657416
8.151293786810257,0.0730820396765144
7.921485770378995,-0.28963860088845655
1.657478624821136,-7.027747168133739
8.260389050837697,-0.030376157102617887
8.249058989839886,-0.14275183708096853
8.301697109136992,0.1770326684575064
8.10368398102804,-0.17377324757353038
7.540234001840434,-0.1319932001641672
7.728590754547293,0.38846167539508225
7.768681047485078,0.4383486927337487
8.26362629461352,0.3090684487519317
-63.72502316396291,129.2826672275654
-63.75337306417712,129.29674510581634
8.034539716480872,0.22348294060436874
7.899596364935867,-0.3666936988211712
8.090696863867658,0.3338065125489156
8.005134018810207,0.3397609143494589
7.088475112420756,-9.001239691512165
7.110106554239532,-8.989505359698647
8.360314261008648,0.03356880480297954
-117.45287367246719,-19.751184611056118
-117.44509038028444,-19.72318734532056
7.979094638238642,-0.23334973502773998
7.7735660801694655,0.38254630890540237
-69.17396274601163,-42.546699160650356
-69.20217608190313,-42.53907185772637
7.67485783662399,0.33077188028112486
7.695846667554725,0.2831376885410712
7.773647043860795,0.3293767664165053
7.619205610828976,-0.3438618318935079
7.883107659800453,-0.24038350275702242
-10.947432093195355,16.370195453431243
-10.955270390767952,16.342966882087055
7.535076563928737,0.07419400056617638
-17.24967595934692,40.93329710292851
-17.249896368274907,40.943330223793595
8.367177734732438,0.05774565095616703
5.594666876337676,-8.131715913818168
6.1407995664852075,-6.233704896321458
8.111876221793244,-0.39822706494981963
-3.030095185017926,-8.058957338038788
-2.9976497011250878,-8.058991272216959
-0.3296699180429246,-6.696615245740014
-0.3184642947334329,-6.716384177323436
7.572491609085842,0.13889654289420503
8.073222046085583,0.27257484318674385
6.068795679621901,-5.870032697712465
7.753406715727123,-0.14635616341629296
4.510875910357615,0.09275256902793809
7.8085712491971035,-0.42721861465344285
7.581967372734822,0.01464613196720276
9.43815110988114,-10.050979251160205
9.427882955505689,-10.031454587526374
8.038659970694198,0.20367137970980517
8.346537109888414,-4.970884170048589
8.275774400673248,-0.12910221109639042
8.29946302496508,0.18137103889073714
8.044419838189002,0.34555069000209937
8.209775244382005,0.24764899851834624
2.94422715157363,-1.9755515689663603
7.6351411349371965,-0.21793999196999347
7.988055765838845,0.45574167139743643
8.128726607541564,0.1468756957201464
7.9832580769683865,0.27614788581454736
-3.519557965886291,-7.3702411119577205
-3.509909864570834,-7.343628882839548
-1.4965861499487723,-3.1762345658543434
-1.5053007158303577,-3.2068938505135907
3.3907199471297114,-4.781676358268104
3.411363696566957,-4.7643161224258845
6.096145997490076,-3.2476042725481764
6.325293600413397,-5.547598031791973
1.7425202508914706,-7.046894482710602
7.50924471410424,0.08399725378281765
-11.456978843279359,2.9467789405842386
-11.455864211185231,2.9172911399343935
7.842176648596123,-0.28217904379119757
5.79616477523075,-8.059218984763842
7.724794684204936,-0.29892482287120387
6.321552033163934,-5.549543169571524
8.19910346184193,-0.2009159624588641
5.440137461503584,-6.032989375027192
7.91528403366789,-0.3424555615007719
7.672854917709054,-0.07627197336965696
8.173263874049814,0.14514524976658785
7.984043757571449,-0.2156128856136774
8.056678660459696,-0.37215071023837476
7.627511734918113,-0.27925889232118467
8.223840803527562,0.3086320000469404
7.516993331344362,0.24982271035555081
-8.564301561834373,-7.490728111983258
-8.596687062423216,-7.481013982228303
8.171303267961218,-0.1637070249601679
8.454401486497972,-0.13729034039127844
8.272744999693005,0.2192863258043666
-2.9270634539498093,1.97848383500391
-2.935012444013518,1.9446217382388735
8.2259348295709,-0.09153567528987333
7.876763105179255,-0.26359841392048583
7.810744672569911,0.4186081589474389
7.890429103578872,-0.1641240511043001
8.410654220229883,-0.005725516311938055
-19.67586884602566,-13.716626730143998
-19.645782023331865,-13.723379548305715
7.584586767302971,-0.24507505507486232
6.231796538763684,-6.431980461565556
7.7136333778911155,0.4254207752329129
7.60278386926054,-0.2658273966379199
7.766735958991687,-0.5122872492167714
8.202445230701665,-0.28373392213760046
8.24047217479774,-0.20498614503769594
8.284549186150374,-0.001680795498206391
7.7859009123373095,-1.6454369820710244
7.971347346770725,-1.8135931705896315
7.714980920468995,-0.30435720042202935
-8.030232148722526,-2.0625195219889707
-8.04758107569358,-2.0439538536754376
9.428546903504333,-10.032732320347632
-37.08212774124868,-13.342648328496768
-37.092859619736934,-13.370778125176097
7.495012606523385,0.03430483854613782
5.541316839705799,-7.597430635874862
8.29983249939074,0.15112770746590876
8.278615991773071,-0.20884901201880585
8.138062997945456,-0.5073000912026957
7.315469296025892,0.22800161800044416
7.507113583682421,0.19670644796590936
7.642475274157064,-0.005128232464117163
8.101932613700159,-0.3611470323501047
5.712831649760158,-7.489052133028448
6.231797510009546,-6.4319823093237325
-59.18228023525916,117.17651666027197
-59.210211759186734,117.19040457662474
7.848158725482819,0.2729911496810711
8.020164085645783,-0.10404315184009139
8.111291111170393,-0.23584280960768947
8.204791452551444,-0.08476116091637612
7.626360644158326,-0.13022879407564922
7.776458245442495,-0.20221980931171651
7.913416627066719,0.5040544642149917
7.620361223346659,0.18263574170641966
7.8494354016689165,-0.25752162777977183
7.833266433354022,0.3099106518348164
7.754461082103416,-0.44031613428602634
6.023571708707259,-1.42975563262153
7.1540016363060746,-9.321546105321124
7.142639601951233,-9.329160945812081
7.989496198756125,0.3543778697291554
7.950218336643609,0.2706563294307578
7.522164015149189,-0.18081711677244583
8.61371566698458,-4.990093240180974
7.8711264490991635,0.3403076280007101
7.65512713345307,0.2943057192871532
8.058216948202547,-0.0007185856750566847
7.525380394484066,-0.016213598073040597
8.224455093007034,0.3669800350635672
8.37950047073993,0.14871903392781494
9.42822935685971,-10.032120135202122
-100.92957016639694,-53.17681660223497
-100.92056341623028,-53.149125548453696
7.598383411263778,-0.38458214845807576
7.6619887885187214,-0.26056698312127036
6.2072523951535485,-6.384747720362279
7.87305052950103,-0.3674461687646129
7.527255311896164,-3.3596274875364935
7.519225074443439,0.043861452727889896
7.582022653100116,0.16776600549115736
7.848684647695352,-0.3292114206592742
8.046150219839182,0.36049543638155124
-0.8460148116497406,-11.095270835870465
8.31346895897963,0.252609231878617
8.177913420923689,0.3396254823535231
7.838004485164916,-0.39039374812846633
7.778313769077873,-0.07787163532512822
7.473238420785686,0.12975736834461513
8.147064731956293,-0.1399665863513229
8.142861699460116,-0.24903267250725514
6.5756398701190175,-6.725719049867129
6.600395526580327,-6.7436243155638795
8.35182377741654,0.6616181878509279
7.967507741387554,-0.39953167401684664
7.822192819816267,0.14531364574922068
7.95364523463969,-0.17512289820143617
8.348338428176868,-0.06606212486414394
8.164791119858522,-0.2803079594472077
-16.867361194447135,18.373002375891097
-16.89962965466732,18.38131954191048
7.858624291222904,0.457651468720674
7.985437892791837,-0.3299581359967266
7.913875881345417,0.28061042929504454
7.652811124507495,0.1249956299434405
7.57697280204868,-0.0496036581999201
6.231796781371308,-6.431980874321258
8.251891753056691,-0.054023476091915976
7.66920640979746,0.24850630381643932
7.526433931625096,0.0004837124561216911
7.773163378141813,0.42938688189238783
8.278942774516635,-0.02769007714878232
7.626150100183327,-0.1521284135743332
1.4981971633180757,2.7700101096851255
1.5083523345945578,2.7974457205032603
8.19030899482459,-0.11254648187441554
-7.0127660645331185,-10.101482127262646
-7.003330297945174,-10.073543077109855
8.241026127448976,0.15567079471197026
7.6613718747132005,0.2980686230376183
7.7721140600888825,0.37540447774069124
7.90767022654173,0.38841495784460567
8.146126146083233,-0.17299531588541062
5.998850580996967,-1.3814015746176185
-13.09728213558882,-9.432981162010256
-13.100723151839192,-9.464343459388408
7.994738843904554,-0.16406372481114634
8.203258719718061,0.29389636121040086
7.7519996410254235,-0.08048427633365758
8.239124611445845,-0.20010191521612938
7.999176528501452,-0.1875491482362053
6.325759096819326,-5.54735446483694
7.773423919398581,0.33746010755762706
8.172816331068645,0.16967040505180672
-16.34547088379651,21.90790242910125
-16.371619887772816,21.91390849621897
8.136331839229987,-0.28291354034762634
7.575642546043233,-3.3326297103064575
-18.525161470745036,33.736399955386645
-18.541296137949523,33.75715619562231
8.139540785739992,0.33783938598673796
8.213383195017373,-0.015788215453234573
7.844697719859888,0.39727362256783666
9.427599914876991,-10.030909792705492
8.017919094535758,-0.23244776537844067
7.8289525009638945,0.20265987961789428
8.021672095745918,0.4225458067867557
8.38732634294102,-4.94968754122057
7.8860756141015855,-0.1382040433604411
7.834107738480792,-0.16453026090738992
8.350374514463281,-0.19300885693481964
8.198730190267128,0.36346273740893675
8.131557249687258,0.43633023701330426
8.248103039904485,0.13537118004535403
7.651876520824215,0.446390299119979
7.9735131784004585,-0.3223296424545912
7.640761164874731,-0.26979363648788274
8.190724058628867,0.24975915419142816
-17.74598082350352,27.107915095920248
-17.736916993874132,27.136685436476693
7.585316721099782,0.11870322234674942
8.228818079332273,-0.3158141078928105
7.989334637903554,-0.3203119287826095
-5.248275994815989,0.95353389523106
-5.242748580658622,0.9261716177765372
7.622302844365754,0.12174750475383656
5.736836556021032,-7.5289466911453005
7.687429074882422,-0.30292138543040725
9.428063647164294,-10.031801242623926
7.612972195266987,-0.24845650393847163
8.064611495355352,0.35811470325343353
8.038129858484018,-0.2544122954947009
7.625147442028635,0.3958652035891787
7.651348503828403,0.35026623408321883
8.230598551460687,-0.18323782371467223
2.8596539853449467,-6.30428325127795
7.666366818599515,0.21353944134404212
9.556053773131483,-10.273672723870684
6.399164642232436,-5.500790987850526
2.9120666028724305,-6.276180749103303
7.573889918274888,0.06558973370083475
1.5174522622032052,-9.1538310773749
8.221096979829726,-0.30578873076020047
7.910598149564056,0.22765706416480178
7.560076178002325,0.1381676864860396
8.20855242558958,-0.2829941346494876
7.912017155215414,-0.2713184091099766
7.556954059422166,0.1368142212357884
8.110049250814704,0.09769503481412281
8.033788224370364,-0.2918846278173163
-3.0634406030779617,-9.338966565652651
-3.0556700750889014,-9.312418028443323
7.855016127013466,0.47346024464771014
3.1805899170636707,-8.741141146600498
8.10959746313458,0.4812197289368253
7.6521022322484775,0.12320853526452552
7.802114812555266,0.19303405658472397
8.351563469562883,0.18639699354096945
8.108625458099759,-0.2609900144012135
7.9688626651152275,0.2960255179987244
7.736718091461097,-0.27534262631183054
8.076546009336132,-0.36749752381247525
8.05175438625634,-0.26158327729788633
8.056959328254315,-0.45967678685952673
7.729366996376544,0.16186493368938848
8.14193159123998,0.1515923211525851
8.181746822909124,-1.2182919828513064
8.160321804241642,-1.2020662041509902
7.534209170698924,0.058070656077530564
7.932222729669812,0.3074421633017517
5.736886924596678,-7.5289205176345675
7.5709501536117,-0.21122543183411396
8.280703337183281,0.2035697144537476
7.698148416880766,-0.31338657657665125
8.0867550718854,-0.11730680523921228
8.05696718407503,-0.2680346333847586
8.244532922604053,-0.021862005084932194
7.6783012545100595,0.3281219406016659
5.32249327795384,-2.382889948677664
5.293735817548132,-2.367871472324654
8.220524100950337,-0.2914797797455685
7.888125434656962,-0.31340851794191216
8.298067633767134,-0.08061751037907312
7.759892158732918,-0.42307481678297826
-12.293001639980004,9.385617786336844
-12.265883270754443,9.377736477600003
-1.066400074492546,-3.453674841680247
-1.0571861150213189,-3.4241187602243857
5.9515036498014675,-3.8891170605467726
7.607038202072327,0.10318144868192908
7.562668904294896,0.0842152712725467
10.090027252350694,-2.5119046387169415
-6.758079653003019,6.899024398061368
-6.766185456549951,6.8709802978784085
8.22612082131887,0.2268565656931057
7.72263773784989,0.20327407273251663
8.033162473107199,-0.16421548999859648
8.495450712132238,-8.71545263804908
8.130917939098271,-0.17625433500903515
7.9461378697862735,-0.09265108004306953
8.232551033958424,0.17433617765753154
8.375558193223503,0.11963934403520267
7.833479221010366,-0.4552532357289935
7.895451644396441,-0.23211765144847923
7.785646033384899,-0.32620364983687894
8.170486376033708,0.41759540984134746
7.737241481760687,0.25412629994625635
2.566510438546296,-3.459628680921739
7.914937244466647,0.4160999717791113
7.961184461579923,-0.2191342354992358
7.6239082317375235,-0.3500382106023864
7.843454580334953,-0.3785916080838829
7.926931640062534,-0.28489334668543914
7.677568058359005,0.19164612966236746
8.265703591892814,0.19536769125248665
8.23234426015457,-0.06585097644126303
8.144546087690742,0.33682313466783065
7.810267737908484,0.19367125521627884
7.697068888893666,0.4025609756726123
8.285197717325078,-0.14059443824222997
7.6104826178365155,-0.17877224345697001
8.058112509770574,-0.3378641535559083
8.383772141045736,0.11521511081910385
7.555239804877423,0.03510131888924713
7.701808812740473,0.1570482498024848
8.061186323034162,0.20286708854646676
8.113693852214283,-0.2572525383901301
7.81166301226324,0.2340143295353368
7.770789291280438,0.12750512210962722
7.789620122697999,-0.017264024334172602
7.553830260644205,-0.008356847665936208
8.170988148307915,0.09519504854408986
7.741473073687259,-0.21539006187034998
8.13746578044143,0.18963759908454147
8.078342877292535,-0.3609176262317881
7.99756702890022,0.3705556630829515
7.619698226112764,0.16750560446457693
8.247345009801597,-0.17208050931972937
8.2118366058723,-0.13417425025087637
